{"cameraMode":{"drawMode":0,"name":"Shaded","section":"Shading Mode"},"sceneLighting":true,"audioPlay":false,"sceneViewState":{"showFog":true,"showMaterialUpdate":false,"showSkybox":true,"showFlares":true,"showImageEffects":true,"showParticleSystems":true},"in2DMode":false,"pivot":{"x":2.2944209575653078,"y":2.6418540477752687,"z":12.575414657592774},"rotation":{"x":-0.4115792214870453,"y":-0.5193691253662109,"z":0.31451088190078738,"w":-0.6796626448631287},"size":7.682973861694336,"orthographic":false}