{"cameraMode":{"drawMode":0,"name":"Shaded","section":"Shading Mode"},"sceneLighting":true,"audioPlay":false,"sceneViewState":{"showFog":true,"showMaterialUpdate":false,"showSkybox":true,"showFlares":true,"showImageEffects":true,"showParticleSystems":true},"in2DMode":false,"pivot":{"x":11.963966369628907,"y":11.238868713378907,"z":7.1164093017578129},"rotation":{"x":0.0040253764018416409,"y":-0.9736277461051941,"z":0.22745466232299806,"w":0.01724071614444256},"size":47.38027572631836,"orthographic":false}