{"cameraMode":{"drawMode":0,"name":"Shaded","section":"Shading Mode"},"sceneLighting":true,"audioPlay":false,"sceneViewState":{"showFog":true,"showMaterialUpdate":false,"showSkybox":true,"showFlares":true,"showImageEffects":true,"showParticleSystems":true},"in2DMode":false,"pivot":{"x":3.159902811050415,"y":4.177970886230469,"z":10.920076370239258},"rotation":{"x":0.0040253764018416409,"y":-0.9736277461051941,"z":0.22745466232299806,"w":0.01724071614444256},"size":15.26623821258545,"orthographic":false}